team,code,number,name,position
Yateley Wood Pigeons,YWP,1,Callum Prentice,Goalie
Yateley Wood Pigeons,YWP,30,Rhys Allerton,Goalie
Yateley Wood Pigeons,YWP,2,Daniel Okonjo,Defence
Yateley Wood Pigeons,YWP,4,Harvey Lintott,Defence
Yateley Wood Pigeons,YWP,6,Marcus Dalby,Defence
Yateley Wood Pigeons,YWP,14,Ewan Brightwell,Defence
Yateley Wood Pigeons,YWP,21,Tomas Varga,Defence
Yateley Wood Pigeons,YWP,7,Jamie Aldershot,Forward
Yateley Wood Pigeons,YWP,9,Liam Crayford,Forward
Yateley Wood Pigeons,YWP,11,Oskar Nowicki,Forward
Yateley Wood Pigeons,YWP,15,Jack Flower,Forward
Yateley Wood Pigeons,YWP,16,Ben Thackeray,Forward
Yateley Wood Pigeons,YWP,17,Finn Marchetti,Forward
Yateley Wood Pigeons,YWP,19,Scott Pembury,Forward
Yateley Wood Pigeons,YWP,23,Nathan Oyelaran,Forward
Yateley Wood Pigeons,YWP,27,Josh Fenwick,Forward
Yateley Wood Pigeons,YWP,33,Alfie Stroud,Forward
Yateley Wood Pigeons,YWP,44,Dmitri Sarkisian,Forward
Yateley Wood Pigeons,YWP,88,Charlie Westbrook,Forward
